Main developers:

  Intra2net AG <opensource@intra2net.com>

Contributors in alphabetical order,
see Changelog for full details:

  Adam Malinowski <amalinowski75@gmail.com>
  Alain Abbas <aa@libertech.fr>
  Alex Harford <harford@gmail.com>
  Alexander Lehmann <lehmanna@in.tum.de>
  Anders Larsen <al@alarsen.net>
  Andrei Errapart <a.errapart@trenz-electronic.de>
  Andrew John Rogers <andrew@rogerstech.co.uk>
  Arnim Läuger <arnim.laeuger@gmx.net>
  Aurelien Jarno <aurelien@aurel32.net>
  Benjamin Vanheuverzwijn <bvanheu@gmail.com>
  Chris Morgan <chmorgan@gmail.com>
  Chris Zeh <chris.w.zeh@gmail.com>
  Claudio Lanconelli <claudiolanconelli@gmail.com>
  Clifford Wolf <clifford@clifford.at>
  Dan Dedrick <dan.dedrick@gmail.com>
  Daniel Kirkham <dk2@kirkham.id.au>
  David Challis <dchallis@qsimaging.com>
  Davide Michelizza <dmichelizza@gmail.com>
  Denis Sirotkin <reg.libftdi@demitel.ru>
  Diego Elio Pettenò <flameeyes@flameeyes.com>
  Emil <emil@datel.co.uk>
  Eneas U de Queiroz <cote2004-github@yahoo.com>
  Eric Schott <els6@psu.edu>
  Eugene Hutorny <eugene@hutorny.in.ua>
  Evan Nemerson <evan@coeus-group.com>
  Evgeny Sinelnikov <sin@geoft.ru>
  Fabrice Fontaine <fontaine.fabrice@gmail.com>
  Fahrzin Hemmati <fahhem@gmail.com>
  Flynn Marquardt <ftdi@flynnux.de>
  Forest Crossman <cyrozap@gmail.com>
  Frank Dana <ferdnyc@gmail.com>
  Holger Mößinger <h.moessinger@primes.de>
  Ian Abbott <abbotti@mev.co.uk>
  Jared Boone <jared@sharebrained.com>
  Jarkko Sonninen <kasper@iki.fi>
  Jean-Daniel Merkli <jdmerkli@computerscience.ch>
  Jochen Sprickerhof <jochen@sprickerhof.de>
  Joe Zbiciak <intvnut@gmail.com>
  Jon Beniston <jon@beniston.com>
  Jordan Rupprecht <rupprecht@google.com>
  Juergen Beisert <juergen.beisert@weihenstephan.org>
  Lorenz Moesenlechner <lorenz@hcilab.org>
  Marek Vavruša <marek@vavrusa.com>
  Marius Kintel <kintel@sim.no>
  Mark Hämmerling <mail@markh.de>
  Matthias Janke <janke@physi.uni-heidelberg.de>
  Matthias Kranz <matthias@hcilab.org>
  Matthias Richter <mail.to.mr@gmx.de>
  Matthijs ten Berge <m.h.tenberge@alumnus.utwente.nl>
  Max <max@koeln.ccc.de>
  Maxwell Dreytser <admin@mdtech.us>
  Michel Zou <xantares09@hotmail.com>
  Mike Frysinger <vapier.adi@gmail.com>
  Nathael Pajani <nathael.pajani@ed3l.fr>
  Nathan Fraser <ndf@undershorts.org>
  Oleg Seiljus <oseiljus@xverve.com>
  Paul Fertser <fercerpav@gmail.com>
  Pawel Jewstafjew <pawel.jewstafjew@gmail.com>
  Peter Holik <peter@holik.at>
  Raphael Assenat <raph@8d.com>
  Richard Shaw <hobbes1069@gmail.com>
  Robby McKilliam <robby.mckilliam@myriota.com>
  Robert Cox <Robert.cox@novatechweb.com>
  Robin Haberkorn <haberkorn@metratec.com>
  Rodney Sinclair <rodney@sinclairrf.com>
  Rogier Wolff <R.E.Wolff@harddisk-recovery.nl>
  Rolf Fiedler <derRolf@gmx-topmail.de>
  Roman Lapin <lampus.lapin@gmail.com>
  Salvador Eduardo Tropea <salvador@inti.gob.ar>
  Stephan Linz <linz@li-pro.net>
  Steven Turner <steven.turner@ftdichip.com>
  Tarek Heiland <tarek@illimitable.com>
  Thilo Schulz <thilo@tjps.eu>
  Thimo Eichstaedt <abc@digithi.de>
  Thomas Fischl <fischl@fundf.net>
  Thomas Klose <thomas.klose@hiperscan.com>
  Tim Ansell <mithro@mithis.com>
  Tom Saunders <trsaunders@gmail.com>
  Uwe Bonnes <bon@elektron.ikp.physik.tu-darmstadt.de>
  Vladimir Yakovlev <nagos@inbox.ru>
  Wilfried Holzke <libftdi@holzke.net>
  Xiaofan Chen <xiaofanc@gmail.com>
  Yegor Yefremov <yegorslists@googlemail.com>
  Yi-Shin Li <ysli@araisrobo.com>
